<?xml version='1.0' encoding='utf-8'?>
<widget id="com.bitcoin.mwallet"
  version="*VERSION*"
  android-versionCode="*ANDROIDVERSION*"
  ios-CFBundleVersion="*VERSION*"
  xmlns:android="http://schemas.android.com/apk/res/android"
  xmlns:tools="http://schemas.android.com/tools">
    <name>*USERVISIBLENAME*</name>
    <description>
      *PURPOSELINE*
    </description>
    <author email="wallet@bitcoin.com" href="*URL*">
        Saint Bitts LLC.
    </author>
    <content src="index.html" />
    <access origin="*" />
    <preference name="AndroidPersistentFileLocation" value="Internal" />
    <preference name="iosPersistentFileLocation" value="Library" />
    <preference name="DisallowOverscroll" value="true"/>
    <preference name="HideKeyboardFormAccessoryBar" value="true"/>
    <!-- #355 -->
    <preference name="WindowsStoreIdentityName" value="*WINDOWSSTOREIDENTITYNAME*"/>
    <preference name="WindowsStoreDisplayName" value="*WINDOWSSTOREDISPLAYNAME*"/>

    <!-- <preference name="KeyboardDisplayRequiresUserAction" value="false" /> -->
    <preference name="StatusBarBackgroundColor" value="#494949" />
    <preference name="BackupWebStorage" value="none"/>
    <preference name="windows-target-version" value="10.0"/>
    <preference name="Orientation" value="default" />
    <preference name="cordova-custom-config-stoponerror" value="true" />

    <preference name="StatusBarOverlaysWebView" value="true" />
    <preference name="StatusBarStyle" value="default" />
    <preference name="StatusBarBackgroundColor" value="#FBFCFF" />

    <preference name="ShowSplashScreenSpinner" value="false" />
    <preference name="AutoHideSplashScreen" value="false" />
    <preference name="FadeSplashScreen" value="true" />
    <preference name="FadeSplashScreenDuration" value="100" />
    <preference name="SplashMaintainAspectRatio" value="true" />

    <!-- Android Version: KitKat 4.4 (API Level 19) or higher -->
    <preference name="android-minSdkVersion" value="19" />

    <!-- Plugins -->
    <plugin name="cordova-plugin-device" spec="https://github.com/apache/cordova-plugin-device.git#2.0.2"/>
    <plugin name="cordova-plugin-globalization" spec="https://github.com/apache/cordova-plugin-globalization.git#1.11.0" />
    <plugin name="cordova-plugin-splashscreen" spec="https://github.com/apache/cordova-plugin-splashscreen.git#5.0.2" />
    <plugin name="cordova-plugin-statusbar" spec="https://github.com/apache/cordova-plugin-statusbar.git#2.4.2" />
    <plugin name="cordova-plugin-inappbrowser" spec="https://github.com/apache/cordova-plugin-inappbrowser.git#3.0.0" />
    <plugin name="cordova-plugin-x-toast" spec="https://github.com/EddyVerbruggen/Toast-PhoneGap-Plugin.git#2.6.2" />
    <plugin name="com.verso.cordova.clipboard" spec="https://github.com/Visigo/CordovaClipboard" />
    <plugin name="cordova-plugin-x-socialsharing" spec="https://github.com/EddyVerbruggen/SocialSharing-PhoneGap-Plugin.git#5.4.0" />
    <plugin name="cordova-plugin-spinner-dialog" spec="1.3.1" />
    <plugin name="cordova-plugin-dialogs" spec="https://github.com/apache/cordova-plugin-dialogs.git#2.0.1" />
    <plugin name="cordova-plugin-network-information" spec="https://github.com/apache/cordova-plugin-network-information.git" />
    <plugin name="cordova-plugin-console" spec="https://github.com/apache/cordova-plugin-console.git#1.1.0" />
    <plugin name="cordova-plugin-uniquedeviceid" spec="1.3.2" />
    <plugin name="cordova-plugin-file" spec="https://github.com/apache/cordova-plugin-file.git#6.0.1" />
    <plugin name="cordova-plugin-touch-id" spec="https://github.com/EddyVerbruggen/cordova-plugin-touch-id.git#3.3.1" />
    <plugin name="cordova-plugin-transport-security" spec="0.1.2" />
    <plugin name="cordova-ios-requires-fullscreen" spec="0.0.2" />
    <plugin name="cordova-plugin-android-fingerprint-auth" spec="0.2.0" />
    <plugin name="cordova-plugin-screen-orientation" spec="1.4.2" />
    <plugin name="ionic-plugin-keyboard" spec="2.2.1" />
    <plugin name="cordova-plugin-whitelist" spec="1.3.3" />
    <plugin name="cordova-plugin-ionic-webview" spec="2.2.3" />
    <plugin name="cordova-plugin-qrscanner-no-android" spec="https://github.com/Bitcoin-com/cordova-plugin-qrscanner-no-android.git" commit="cbb6910d245a60899d33d933c9fa369c960e90f7" />
    <plugin name="cordova-plugin-camera-preview" spec="0.10.0" />
    <plugin name="cordova-plugin-customurlscheme" spec="https://github.com/Bitcoin-com/Custom-URL-scheme#4.1.6">
      <variable name="URL_SCHEME" value="bitcoin" />
      <variable name="SECOND_URL_SCHEME" value="*APPURI*" />
      <variable name="THIRD_URL_SCHEME" value="bitcoincash" />
    </plugin>
    <plugin name="cordova-custom-config" spec="3.0.14" />
    <plugin name="cordova-plugin-queries-schemes" spec="0.1.5" />
    <plugin name="cordova-plugin-firebase" spec="1.0.5" />
    <plugin name="cordova-plugin-wkwebview-inputfocusfix" spec="https://github.com/onderceylan/cordova-plugin-wkwebview-inputfocusfix.git" />
    <plugin name="cordova-plugin-media-fork" spec="5.0.3">
        <variable name="KEEP_AVAUDIOSESSION_ALWAYS_ACTIVE" value="NO" />
    </plugin>
    <plugin name="cordova-plugin-geolocation" spec="4.0.1" />
    <plugin name="cordova-plugin-qrreader" spec="https://github.com/Bitcoin-com/cordova-plugin-qrreader.git" commit="2e86c5170d544812ca947cccdbb4f175960586dc"/>
    <!-- Supported Platforms -->
    <engine name="ios" spec="~4.5.3" />
    <engine name="android" spec="~6.4.0" />
    <engine name="windows" spec="~5.0.0" />

    <!-- Platform Specific Settings -->
    <platform name="ios">
      <config-file platform="ios" target="*-Info.plist" parent="UIStatusBarHidden"><true/></config-file>
      <config-file platform="ios" target="*-Info.plist" parent="UIViewControllerBasedStatusBarAppearance"><false/></config-file>
      <config-file platform="ios" target="*-Info.plist" parent="NSCameraUsageDescription" overrite="true"><string>Allow the app to use your camera for scanning documents</string></config-file>
      <config-file platform="ios" target="*-Info.plist" parent="NSLocationWhenInUseUsageDescription"><string>To find nearby merchants.</string></config-file>
      <config-file target="*-Info.plist" parent="ITSAppUsesNonExemptEncryption"><false/></config-file>
      <icon src="resources/*PACKAGENAME*/ios/icon/AppIcon24x24@2x.png" width="48" height="48" />
      <icon src="resources/*PACKAGENAME*/ios/icon/AppIcon27.5x27.5@2x.png" width="55" height="55" />
      <icon src="resources/*PACKAGENAME*/ios/icon/AppIcon44x44@2x.png" width="88" height="88" />
      <icon src="resources/*PACKAGENAME*/ios/icon/AppIcon86x86@2x.png" width="172" height="172" />
      <icon src="resources/*PACKAGENAME*/ios/icon/AppIcon98x98@2x.png" width="196" height="196" />
      <icon src="resources/*PACKAGENAME*/ios/icon/icon-20.png" width="20" height="20" />
      <icon src="resources/*PACKAGENAME*/ios/icon/icon-60@3x.png" width="180" height="180" />
      <icon src="resources/*PACKAGENAME*/ios/icon/icon-60.png" width="60" height="60" />
      <icon src="resources/*PACKAGENAME*/ios/icon/icon-60@2x.png" width="120" height="120" />
      <icon src="resources/*PACKAGENAME*/ios/icon/icon-76.png" width="76" height="76" />
      <icon src="resources/*PACKAGENAME*/ios/icon/icon-76@2x.png" width="152" height="152" />
      <icon src="resources/*PACKAGENAME*/ios/icon/icon-83.5@2x.png" width="167" height="167" />
      <icon src="resources/*PACKAGENAME*/ios/icon/icon-40.png" width="40" height="40" />
      <icon src="resources/*PACKAGENAME*/ios/icon/icon-40@2x.png" width="80" height="80" />
      <icon src="resources/*PACKAGENAME*/ios/icon/icon.png" width="57" height="57" />
      <icon src="resources/*PACKAGENAME*/ios/icon/icon@2x.png" width="114" height="114" />
      <icon src="resources/*PACKAGENAME*/ios/icon/icon-72.png" width="72" height="72" />
      <icon src="resources/*PACKAGENAME*/ios/icon/icon-72@2x.png" width="144" height="144" />
      <icon src="resources/*PACKAGENAME*/ios/icon/icon-small.png" width="29" height="29" />
      <icon src="resources/*PACKAGENAME*/ios/icon/icon-small@2x.png" width="58" height="58" />
      <icon src="resources/*PACKAGENAME*/ios/icon/icon-small@3x.png" width="87" height="87" />
      <icon src="resources/*PACKAGENAME*/ios/icon/icon-50.png" width="50" height="50" />
      <icon src="resources/*PACKAGENAME*/ios/icon/icon-50@2x.png" width="100" height="100" />
      <icon src="resources/*PACKAGENAME*/ios/icon/icon-1024.png" width="1024" height="1024" />

      <splash src="resources/*PACKAGENAME*/ios/splash/Default~iphone.png" width="320" height="480"/>
      <splash src="resources/*PACKAGENAME*/ios/splash/Default@2x~iphone.png" width="640" height="960"/>
      <splash src="resources/*PACKAGENAME*/ios/splash/Default-Portrait~ipad.png" width="768" height="1024"/>
      <splash src="resources/*PACKAGENAME*/ios/splash/Default-Portrait@2x~ipad.png" width="1536" height="2048"/>
      <splash src="resources/*PACKAGENAME*/ios/splash/Default-Landscape~ipad.png" width="1024" height="768"/>
      <splash src="resources/*PACKAGENAME*/ios/splash/Default-Landscape@2x~ipad.png" width="2048" height="1536"/>
      <splash src="resources/*PACKAGENAME*/ios/splash/Default-568h@2x~iphone.png" width="640" height="1136"/>
      <splash src="resources/*PACKAGENAME*/ios/splash/Default-667h.png" width="750" height="1334"/>
      <splash src="resources/*PACKAGENAME*/ios/splash/Default-736h.png" width="1242" height="2208"/>
      <splash src="resources/*PACKAGENAME*/ios/splash/Default-Landscape-736h.png" width="2208" height="1242"/>
      <splash src="resources/*PACKAGENAME*/ios/splash/Default-Portrait-iPhoneX.png" width="1125" height="2436" />
      <splash src="resources/*PACKAGENAME*/ios/splash/Default-Landscape-iPhoneX.png" width="2436" height="1125" />

      <splash src="resources/*PACKAGENAME*/ios/splash/Default@2x~universal~anyany.png" />
      <splash src="resources/*PACKAGENAME*/ios/splash/Default@2x~universal~comany.png" />
      <splash src="resources/*PACKAGENAME*/ios/splash/Default@2x~universal~comcom.png" />
      <splash src="resources/*PACKAGENAME*/ios/splash/Default@3x~universal~anyany.png" />
      <splash src="resources/*PACKAGENAME*/ios/splash/Default@3x~universal~anycom.png" />
      <splash src="resources/*PACKAGENAME*/ios/splash/Default@3x~universal~comany.png" />
      <allow-navigation href="*" />
    </platform>

    <!-- <edit-config file="AndroidManifest.xml" target="/manifest/uses-permission/[@android:name='android.permission.CAMERA']" mode="overwrite">
      <uses-permission android:name="android.permission.CAMERA" android:required="false" />
    </edit-config> -->
    <!-- <edit-config file="AndroidManifest.xml" target="/manifest/uses-permission" mode="overwrite">
      <uses-permission android:name="android.permission.CAMERA" android:required="false" />
    </edit-config> -->

    <platform name="android">
      <!-- <preference name="android-manifest/application/@android:allowBackup" value="false" /> -->
      <!-- <preference name="android-manifest/uses-permission/[@android:name='android.permission.CAMERA']" delete="true" /> -->
      <!-- <custom-preference name="android-manifest/uses-permission/[@android:name=\"android.permission.CAMERA\"]" delete="true" /> -->
      <!-- <meta-data name="android-manifest/uses-permission/[@android:name='android.permission.CAMERA']" tools:node="remove"/> -->
      <!-- <uses-permission android:name="android.permission.CAMERA" tools:node="remove"/> -->

      <config-file target="AndroidManifest.xml" parent="/*" mode="merge">
         <uses-permission android:name="android.permission.ACCESS_COARSE_LOCATION" />
         <uses-permission android:name="android.permission.ACCESS_FINE_LOCATION" />
      </config-file>

      <icon src="resources/*PACKAGENAME*/android/icon/drawable-ldpi-icon.png" density="ldpi" />
      <icon src="resources/*PACKAGENAME*/android/icon/drawable-mdpi-icon.png" density="mdpi" />
      <icon src="resources/*PACKAGENAME*/android/icon/drawable-hdpi-icon.png" density="hdpi" />
      <icon src="resources/*PACKAGENAME*/android/icon/drawable-xhdpi-icon.png" density="xhdpi" />
      <icon src="resources/*PACKAGENAME*/android/icon/drawable-xxhdpi-icon.png" density="xxhdpi" />
      <icon src="resources/*PACKAGENAME*/android/icon/drawable-xxxhdpi-icon.png" density="xxxhdpi" />

      <resource-file src="resources/bitcoin.com/android/fcm_push_icon/drawable-ldpi/fcm_push_icon.png" target="res/drawable-ldpi/fcm_push_icon.png" />
      <resource-file src="resources/bitcoin.com/android/fcm_push_icon/drawable-mdpi/fcm_push_icon.png" target="res/drawable-mdpi/fcm_push_icon.png" />
      <resource-file src="resources/bitcoin.com/android/fcm_push_icon/drawable-hdpi/fcm_push_icon.png" target="res/drawable-hdpi/fcm_push_icon.png" />
      <resource-file src="resources/bitcoin.com/android/fcm_push_icon/drawable-xhdpi/fcm_push_icon.png" target="res/drawable-xhdpi/fcm_push_icon.png" />
      <resource-file src="resources/bitcoin.com/android/fcm_push_icon/drawable-xxhdpi/fcm_push_icon.png" target="res/drawable-xxhdpi/fcm_push_icon.png" />
      <resource-file src="resources/bitcoin.com/android/fcm_push_icon/drawable-xxxhdpi/fcm_push_icon.png" target="res/drawable-xxxhdpi/fcm_push_icon.png" />

      <splash src="resources/*PACKAGENAME*/android/splash/drawable-land-hdpi-screen.png" density="land-hdpi"/>
      <splash src="resources/*PACKAGENAME*/android/splash/drawable-land-ldpi-screen.png" density="land-ldpi"/>
      <splash src="resources/*PACKAGENAME*/android/splash/drawable-land-mdpi-screen.png" density="land-mdpi"/>
      <splash src="resources/*PACKAGENAME*/android/splash/drawable-land-xhdpi-screen.png" density="land-xhdpi"/>
      <splash src="resources/*PACKAGENAME*/android/splash/drawable-land-xxhdpi-screen.png" density="land-xxhdpi"/>
      <splash src="resources/*PACKAGENAME*/android/splash/drawable-land-xxxhdpi-screen.png" density="land-xxxhdpi"/>

      <splash src="resources/*PACKAGENAME*/android/splash/drawable-port-hdpi-screen.png" density="port-hdpi"/>
      <splash src="resources/*PACKAGENAME*/android/splash/drawable-port-ldpi-screen.png" density="port-ldpi"/>
      <splash src="resources/*PACKAGENAME*/android/splash/drawable-port-mdpi-screen.png" density="port-mdpi"/>
      <splash src="resources/*PACKAGENAME*/android/splash/drawable-port-xhdpi-screen.png" density="port-xhdpi"/>
      <splash src="resources/*PACKAGENAME*/android/splash/drawable-port-xxhdpi-screen.png" density="port-xxhdpi"/>
      <splash src="resources/*PACKAGENAME*/android/splash/drawable-port-xxxhdpi-screen.png" density="port-xxxhdpi"/>
    </platform>

    <platform name="windows">
      <icon src="resources/*PACKAGENAME*/windows/icon/StoreLogo.png" target="StoreLogo" />
      <icon src="resources/*PACKAGENAME*/windows/icon/Square30x30Logo.png" target="Square30x30Logo" />
      <icon src="resources/*PACKAGENAME*/windows/icon/Square44x44Logo.png" target="Square44x44Logo" />
      <icon src="resources/*PACKAGENAME*/windows/icon/Square70x70Logo.png" target="Square70x70Logo" />
      <icon src="resources/*PACKAGENAME*/windows/icon/Square71x71Logo.png" target="Square71x71Logo" />
      <icon src="resources/*PACKAGENAME*/windows/icon/Square150x150Logo.png" target="Square150x150Logo" />
      <icon src="resources/*PACKAGENAME*/windows/icon/Square310x310Logo.png" target="Square310x310Logo" />
      <icon src="resources/*PACKAGENAME*/windows/icon/Wide310x150Logo.png" target="Wide310x150Logo" />

      <splash src="resources/*PACKAGENAME*/windows/splash/SplashScreen.scale-100.png" width="620" height="300"/>
      <splash src="resources/*PACKAGENAME*/windows/splash/SplashScreenPhone.scale-240.png" width="1152" height="1920"/>
    </platform>
    <hook src="fixFirebasePlugin.js" type="before_build" />
    <hook src="fixAndroidPlugin.js" type="after_prepare" />
  </widget>
