{
  "packageName": "bitcoin.com",
  "packageDescription": "Bitcoin.com Wallet",
  "packageNameId": "com.bitcoin.mwallet",
  "userVisibleName": "Bitcoin.com Wallet",
  "purposeLine": "Bitcoin.com Wallet",
  "bundleName": "bitcoincom",
  "appUri": "bitcoincom",
  "name": "Bitcoin.com Wallet",
  "nameNoSpace": "bitcoin.com",
  "nameCase": "Bitcoin.com Wallet",
  "nameCaseNoSpace": "Bitcoin.com",
  "gitHubRepoName": "wallet",
  "gitHubRepoUrl": "git://github.com/Bitcoin-com/Wallet.git",
  "gitHubRepoBugs": "https://github.com/Bitcoin-com/Wallet/issues",
  "disclaimerUrl": "https://www.bitcoin.com/wallet-disclaimer",
  "url": "https://wallet.bitcoin.com",
  "appDescription": "Bitcoin.com Wallet",
  "winAppName": "BitcoinWallet",
  "WindowsStoreIdentityName": "18C7659D.Bitcoin.com-SecureBitcoinWallet",
  "WindowsStoreDisplayName": "Bitcoin.com Wallet",
  "wpPublisherId": "{31cdd08b-457c-413d-b440-f6665eec847d}",
  "wpProductId": "{5381aa50-9069-11e4-84cc-293caf9cbdc8}",
  "windowsAppId": "804636ee-b017-4cad-8719-e58ac97ffa5c",
  "pushSenderId": "1036948132229",
  "description": "A Secure Bitcoin Wallet",
  "version": "5.9.1",
  "fullVersion": "5.9-rc2",
  "androidVersion": "509001",
  "_extraCSS": "",
  "_enabledExtensions": {
    "coinbase": false,
    "glidera": false,
    "amazon": false,
    "bitcoincom": true,
    "pricechart": true
  }
}
